000;c;ADMINISTRAÇÃO GERAL;-;-;-;
000;s;ADMINISTRAÇÃO GERAL;-;-;-;
001;g;RELAÇÃO INTERINSTITUCIONAL;*/Fim da vigência;20 anos/Transferência;Guarda permanente;*O prazo de guarda se encerra imediatamente após o evento.
002;g;ATENDIMENTO AO CIDADÃO;-;-;-;
002;z;ATENDIMENTO AO CIDADÃO;-;-;-;
002.01;m;NORMATIZAÇÃO. REGULAMENTAÇÃO;*/Fim da vigência;5 anos/Transferência;Guarda permanente;*O prazo de guarda se encerra imediatamente após o evento.
002.1;z;ACESSO À INFORMAÇÃO;-;-;-;
002.11;m;PEDIDO DE ACESSO À INFORMAÇÃO E RECURSO;*/Término do atendimento;5 anos/Transferência;Eliminação;*O prazo de guarda se encerra imediatamente após o evento.Aguardar o resultado do provimento do recurso em última instância, no caso de indeferimento do pedido de acesso.
002.12;m;ACOMPANHAMENTO DO ATENDIMENTO AO CIDADÃO;2 anos/Arquivamento;–/–;Guarda permanente;Eliminar, após 2 anos da produção, os documentos cujas informações estejam recapituladas ou consolidadas em outros.
002.2;z;CONTROLE DE SATISFAÇÃO DO USUÁRIO;2 anos/Arquivamento;–/–;Eliminação;
002.3;z;ACOMPANHAMENTO DE MANIFESTAÇÃO DO USUÁRIO;-;-;-;
002.31;m;TRATAMENTO DE MANIFESTAÇÃO;5 anos/Arquivamento;5 anos/Transferência;Eliminação;
002.32;m;TRATAMENTO DE DENÚNCIA;5 anos/Arquivamento;15 anos/Transferência;Eliminação;
002.33;m;DESENVOLVIMENTO DE AÇÕES DE OUVIDORIA ATIVA;2 anos/Arquivamento;5 anos/Transferência;Eliminação;
003;g;CONTROLE E FISCALIZAÇÃO DA GESTÃO PÚBLICA;-;-;-;Eliminar, após 2 anos da produção, os documentos cujas informações estejam recapituladas ou consolidadas em outros.
003;z;CONTROLE E FISCALIZAÇÃO DA GESTÃO PÚBLICA;-;-;-;Eliminar, após 2 anos da produção, os documentos cujas informações estejam recapituladas ou consolidadas em outros.
003.01;m;NORMATIZAÇÃO. REGULAMENTAÇÃO;*/Fim da vigência;5 anos/Transferência;Guarda permanente;*O prazo de guarda se encerra imediatamente após o evento.
003.1;z;CONTROLE INTERNO. AUDITORIA INTERNA;5 anos/Arquivamento;9 anos/Transferência;Guarda permanente;
003.2;z;AÇÃO PREVENTIVA;5 anos/Arquivamento;9 anos/Transferência;Guarda permanente;
003.3;z;CORREIÇÃO;5 anos/Arquivamento;9 anos/Transferência;Guarda permanente;
004;g;ASSESSORAMENTO JURÍDICO;-;-;-;
004.1;z;ORIENTAÇÃO TÉCNICA E NORMATIVA;-;-;-;
004.11;m;UNIFORMIZAÇÃO DO ENTENDIMENTO JURÍDICO;*/Fim da vigência;5 anos/Transferência;Guarda permanente;*O prazo de guarda se encerra imediatamente após o evento.
004.12;m;ANÁLISE DOS INSTRUMENTOS ADMINISTRATIVOS;*/Término da análise;5 anos/Transferência;Eliminação;*O prazo de guarda se encerra imediatamente após o evento.
004.2;z;ATUAÇÃO EM CONTENCIOSO;-;-;-;
004.21;m;REPRESENTAÇÃO EXTRAJUDICIAL;*/Solução do litígio;5 anos/Transferência;Guarda permanente;*O prazo de guarda se encerra imediatamente após o evento.
004.22;m;REPRESENTAÇÃO JUDICIAL;*/Trânsito em julgado;5 anos/Transferência;Guarda permanente;*O prazo de guarda se encerra imediatamente após o evento.
005;g;PARTICIPAÇÃO EM ÓRGÃOS COLEGIADOS;-;-;-;
005.1;z;CRIAÇÃO E ORGANIZAÇÃO;4 anos/Arquivamento;5 anos/Transferência;Guarda permanente;Eliminar, após 2 anos da produção, os documentos referentes aos órgãos colegiados não efetivados.
005.2;z;OPERACIONALIZAÇÃO DE REUNIÕES;2 anos/Arquivamento;–/–;Eliminação;
010;s;ORGANIZAÇÃO E FUNCIONAMENTO;-;-;-;
010;g;ORGANIZAÇÃO E FUNCIONAMENTO;-;-;-;
010.01;z;NORMATIZAÇÃO. REGULAMENTAÇÃO;*/Fim da vigência;5 anos/Transferência;Guarda permanente;*O prazo de guarda se encerra imediatamente após o evento.
011;g;ORGANIZAÇÃO ADMINISTRATIVA;*/Fim da vigência;5 anos/Transferência;Guarda permanente;*O prazo de guarda se encerra imediatamente após o evento. Eliminar, após 2 anos da produção, os estudos preliminares ou as versões não implementadas das mudanças estruturais.
012;g;HABILITAÇÃO JURÍDICA E REGULARIZAÇÃO FISCAL;*/Fim da vigência;2 anos/Transferência;Eliminação;*O prazo de guarda se encerra imediatamente após o evento.
013;g;COORDENAÇÃO E GESTÃO DE REUNIÕES;-;-;-;
013.1;z;OPERACIONALIZAÇÃO;2 anos/Arquivamento;–/–;Eliminação;
013.2;z;REGISTRO DE DELIBERAÇÕES;4 anos/Arquivamento;5 anos/Transferência;Guarda permanente
014;g;GERENCIAMENTO DE PROCESSO ELETIVO;-;-;-;
014.1;z;NOMEAÇÃO E ATUAÇÃO DA COMISSÃO ELEITORAL;*/Homologação do evento;1 ano/Transferência;Guarda permanente;*O prazo de guarda se encerra imediatamente após o evento.
014.2;z;INSCRIÇÃO;*/Homologação do evento;1 ano/Transferência;Eliminação;*O prazo de guarda se encerra imediatamente após o evento.
014.3;z;VOTAÇÃO;*/Homologação do evento;1 ano/Transferência;Guarda permanente;*O prazo de guarda se encerra imediatamente após o evento. Eliminar, após 2 anos da homologação do evento, as cédulas de votação.
014.4;z;DIVULGAÇÃO DOS RESULTADOS E INTERPOSIÇÃO DE RECURSOS;*/Homologação do evento;1 ano/Transferência;Guarda permanente;*O prazo de guarda se encerra imediatamente após o evento. Aguardar o término da ação, no caso de interposição de recursos. Eliminar, após 2 anos da homologação do evento, os documentos de recursos indeferidos.
015;g;GESTÃO INSTITUCIONAL;-;-;-;
015.1;z;PLANEJAMENTO INSTITUCIONAL;5 anos/Arquivamento;9 anos/Transferência;Guarda permanente;
015.2;z;ACOMPANHAMENTO DAS ATIVIDADES;5 anos/Arquivamento;9 anos/Transferência;Guarda permanente; Eliminar, após 2 anos da produção, os documentos cujas informações encontram-se recapituladas ou consolidadas em outros.
015.3;z;AVALIAÇÃO DA GESTÃO INSTITUCIONAL;-;-;-;Eliminar, após 2 anos da produção, os documentos cujas informações encontram-se recapituladas ou consolidadas em outros.
015.31;m;ELABORAÇÃO DOS INSTRUMENTOS DE AVALIAÇÃO;5 anos/Arquivamento;9 anos/Transferência;Guarda permanente;
015.32;m;EXECUÇÃO E ACOMPANHAMENTO;5 anos/Arquivamento;9 anos/Transferência;Guarda permanente;
015.33;m;CERTIFICAÇÃO DA CONFORMIDADE;5 anos/Arquivamento;9 anos/Transferência;Guarda permanente;
015.4;z;GOVERNANÇA;-;-;-;
015.41;m;GERENCIAMENTO DE RISCO;5 anos/Arquivamento;9 anos/Transferência;Guarda permanente;Eliminar, após 2 anos da produção, os documentos cujas informações encontram-se recapituladas ou consolidadas em outros.
015.42;m;INTEGRIDADE E CONTROLE INTERNO;5 anos/Arquivamento;9 anos/Transferência;Guarda permanente;
015.5;z;ACOMPANHAMENTO DA ACREDITAÇÃO;5 anos/Arquivamento;-/-;Guarda permanente;Eliminar, após 2 anos da produção, os documentos cujas informações encontram-se recapituladas ou consolidadas em outros.
016;g;GESTÃO DE PROCESSOS;-;-;-;
016.1;z;PLANEJAMENTO DO MAPEAMENTO DE PROCESSOS;5 anos/Arquivamento;9 anos/Transferência;Guarda permanente;
016.2;z;EXECUÇÃO E ACOMPANHAMENTO;5 anos/Arquivamento;9 anos/Transferência;Eliminação;
016.3;z;RESULTADO;5 anos/Arquivamento;9 anos/Transferência;Guarda permanente;Eliminar, após 2 anos da produção, os documentos cujas informações encontram-se recapituladas ou consolidadas em outros.
016.4;z;MODELAGEM DE PROCESSOS;5 anos/Arquivamento;9 anos/Transferência;Guarda permanente;
016.5;z;GERENCIAMENTO DE DESEMPENHO;5 anos/Arquivamento;9 anos/Transferência;Guarda permanente;Eliminar, após 2 anos da produção, os documentos cujas informações encontram-se recapituladas ou consolidadas em outros.
017;g;GESTÃO AMBIENTAL;-;-;-;
017.1;z;PROTEÇÃO AMBIENTAL INTERNA;*/Fim da vigência do evento;2 anos/Transferência;Eliminação;*O prazo de guarda se encerra imediatamente após o evento. Arquivar um exemplar do material de divulgação produzido para cada evento.
017.2;z;PROTEÇÃO AMBIENTAL EXTERNA;5 anos/Arquivamento;9 anos/Transferência;Guarda permanente;Eliminar, após 2 anos da produção, os documentos cujas informações encontram-se recapituladas ou consolidadas em outros.
018;g;CONTRATAÇÃO DE PRESTAÇÃO DE SERVIÇOS;-;-;-;
018.1;z;CONTRATAÇÃO DE PESSOA JURÍDICA;*/Aprovação das contas do ano fiscal pelo Tribunal de Contas da União (ou a apresentação do Relatório de Gestão ao TCU);5 anos/Após a aprovação das contas do ano fiscal pelo Tribunal de Contas da União (ou após apresentação do Relatório de Gestão ao TCU);Eliminação;*O prazo de guarda se encerra imediatamente após o evento. Eliminar, após 2 anos da produção, os documentos referentes às contratações não efetivadas.
018.2;z;CONTRATAÇÃO DE PESSOA FÍSICA;*/Aprovação das contas do ano fiscal pelo Tribunal de Contas da União (ou a apresentação do Relatório de Gestão ao TCU);5 anos/Após a aprovação das contas do ano fiscal pelo Tribunal de Contas da União (ou após apresentação do Relatório de Gestão ao TCU);Eliminação;*O prazo de guarda se encerra imediatamente após o evento. Eliminar, após 2 anos da produção, os documentos referentes às contratações não efetivadas.
019;g;OUTRAS AÇÕES REFERENTES À ORGANIZAÇÃO E FUNCIONAMENTO;-;-;-;
019.1;z;GERENCIAMENTO DE ESTRATÉGIAS DE MARKETING E DE COMUNICAÇÃO SOCIAL;-;-;-;
019.11;m;ADMINISTRAÇÃO DA COMUNICAÇÃO;-;-;-;
019.111;n;CREDENCIAMENTO DE JORNALISTAS;*/Fim da vigência;1 ano/Transferência;Eliminação;*O prazo de guarda se encerra imediatamente após o evento.
019.112;n;RELAÇÃO COM A IMPRENSA;1 ano/Arquivamento;–/–;Eliminação;Arquivar os documentos cujas informações reflitam a política do órgão ou entidade.
019.113;n;ELABORAÇÃO DE PROPAGANDAS, CAMPANHAS DE MARKETING E PUBLICITÁRIAS;4 anos/Arquivamento;10 anos/Transferência;Guarda permanente;
019.114;n;ELABORAÇÃO E ATUALIZAÇÃO DE SITE INSTITUCIONAL;5 anos/Arquivamento;-/-;Eliminação;
019.12;m;DIVULGAÇÃO INTERNA;2 anos/Arquivamento;–/–;Eliminação;Arquivar os documentos cujas informações reflitam a política do órgão ou entidade.
019.13;m;PLANEJAMENTO, ELABORAÇÃO E ACOMPANHAMENTO;5 anos/Arquivamento;5 anos/Transferência;Guarda permanente;
019.14;m;EXECUÇÃO E AVALIAÇÃO DE ESTRATÉGIAS;5 anos/Arquivamento;5 anos/Transferência;Eliminação;
019.2;z;AÇÃO DE RESPONSABILIDADE SOCIAL;5 anos/Arquivamento;9 anos/Transferência;Guarda permanente;Eliminar, após 2 anos da produção, os documentos cujas informações encontram-se recapituladas ou consolidadas em outros.
020;s;GESTÃO DE PESSOAS;-;-;-;
020;g;GESTÃO DE PESSOAS;-;-;-;
020;z;GESTÃO DE PESSOAS;-;-;-;
020.01;m;NORMATIZAÇÃO. REGULAMENTAÇÃO;*/Fim da vigência;5 anos/Transferência;Guarda permanente;*O prazo de guarda se encerra imediatamente após o evento.
020.02;m;IMPLEMENTAÇÃO DAS POLÍTICAS DE PESSOAL;-;-;-;
020.021;n;PLANEJAMENTO DA FORÇA DE TRABALHO. PREVISÃO DE PESSOAL;5 anos/Arquivamento;5 anos/Transferência;Guarda permanente;
020.022;n;CRIAÇÃO, EXTINÇÃO, CLASSIFICAÇÃO, TRANSFORMAÇÃO E TRANSPOSIÇÃO DE CARGOS E DE CARREIRAS;5 anos/Arquivamento;5 anos/Transferência;Guarda permanente;
020.03;m;RELACIONAMENTO COM ENTIDADES REPRESENTATIVAS DE CLASSES;-;-;-;
020.031;n;RELAÇÃO COM SINDICATOS;5 anos/Arquivamento;5 anos/Transferência;Guarda permanente;
020.032;n;MOVIMENTOS REIVINDICATÓRIOS. GREVES. PARALISAÇÕES;5 anos/Arquivamento;5 anos/Transferência;Guarda permanente;
020.033;n;RELAÇÃO COM CONSELHOS PROFISSIONAIS;2 anos/Arquivamento;–/–;Eliminação;
020.1;z;ASSENTAMENTO FUNCIONAL;-;-;-;
020.11;m;SERVIDORES E EMPREGADOS PÚBLICOS;*/Término do vínculo com a administração pública;**/Transferência;Eliminação;*O prazo de guarda se encerra imediatamente após o evento.**Transferir os documentos para o arquivo intermediário após o término do vínculo, sendo o prazo total de guarda dos documentos de 100 anos.
020.12;m;SERVIDORES TEMPORÁRIOS;*/Término do vínculo com a administração pública;**/Transferência;Eliminação;*O prazo de guarda se encerra imediatamente após o evento.**Transferir os documentos para o arquivo intermediário após o término do vínculo, sendo o prazo total de guarda dos documentos de 100 anos.
020.13;m;RESIDENTES E ESTAGIÁRIOS;*/Término do vínculo com a administração pública;**/Transferência;Eliminação;*O prazo de guarda se encerra imediatamente após o evento.**Transferir os documentos para o arquivo intermediário após o término do vínculo, sendo o prazo total de guarda dos documentos de 100 anos.
020.14;m;OCUPANTES DE CARGO COMISSIONADO E DE FUNÇÃO DE CONFIANÇA;*/Término do vínculo com a administração pública;**/Transferência;Eliminação;*O prazo de guarda se encerra imediatamente após o evento.**Transferir os documentos para o arquivo intermediário após o término do vínculo, sendo o prazo total de guarda dos documentos de 100 anos
020.2;z;IDENTIFICAÇÃO FUNCIONAL;*/Término do vínculo com a administração pública;–/–;Eliminação;*O prazo de guarda se encerra imediatamente após o evento.
021;g;RECRUTAMENTO E SELEÇÃO;-;-;-;
021.1;z;PLANEJAMENTO DO PROCESSO SELETIVO;*/Homologação do evento;2 anos/Transferência;Guarda permanente;*O prazo de guarda se encerra imediatamente após o evento.
021.2;z;INSCRIÇÃO;*/Homologação do evento;2 anos/Transferência;Eliminação;*O prazo de guarda se encerra imediatamente após o evento. Aguardar o término da ação, no caso de interposição de recursos.
021.3;z;CONTROLE DE APLICAÇÃO DE PROVAS;*/Homologação do evento;2 anos/Transferência;Eliminação;*O prazo de guarda se encerra imediatamente após o evento. Aguardar o término da ação, no caso de interposição de recursos.
021.4;z;CORREÇÃO DE PROVAS. AVALIAÇÃO;*/Homologação do evento;2 anos/Transferência;Eliminação;*O prazo de guarda se encerra imediatamente após o evento. Aguardar o término da ação, no caso de interposição de recursos.
021.5;z;DIVULGAÇÃO DOS RESULTADOS E INTERPOSIÇÃO DE RECURSOS;*/Homologação do evento;2 anos/Transferência;Guarda permanente;*O prazo de guarda se encerra imediatamente após o evento. Aguardar o término da ação, no caso de interposição de recursos. Eliminar, após 2 anos da homologação do evento, os documentos de recursos indeferidos.
022;g;PROVIMENTO, MOVIMENTAÇÃO E VACÂNCIA;-;-;-;
022.1;z;PROVIMENTO DE CARGO PÚBLICO;5 anos/Arquivamento;52 anos/Transferência;Eliminação;Eliminar, após 5 anos da assinatura do termo de posse, os documentos referentes ao servidor que não tenha entrado em exercício dentro do prazo legal.
022.2;z;MOVIMENTAÇÃO DE PESSOAL;-;-;-;Eliminar, após 2 anos do arquivamento, os documentos referentes à movimentação não efetivada.
022.21;m;LOTAÇÃO, EXERCÍCIO E PERMUTA;4 anos/Arquivamento;5 anos/Transferência;Eliminação;
022.22;m;CESSÃO. REQUISIÇÃO;5 anos/Arquivamento;52 anos/Transferência;Eliminação;
022.3;z;REMOÇÃO;4 anos/Arquivamento;5 anos/Transferência;Eliminação;Eliminar, após 2 anos do arquivamento, os documentos referentes à remoção não efetivada.
022.4;z;REDISTRIBUIÇÃO;5 anos/Arquivamento;52 anos/Transferência;Eliminação;Eliminar, após 2 anos do arquivamento, os documentos referentes à redistribuição não efetivada.
022.5;z;SUBSTITUIÇÃO;5 anos/Arquivamento;52 anos/Transferência;Eliminação;Eliminar, após 2 anos do arquivamento, os documentos referentes à substituição não efetivada.
022.6;z;AVALIAÇÃO DE DESEMPENHO;-;-;-;
022.61;m;CUMPRIMENTO DE ESTÁGIO PROBATÓRIO. HOMOLOGAÇÃO DA ESTABILIDADE.;5 anos/Arquivamento;52 anos/Transferência;Eliminação;
022.62;m;CUMPRIMENTO DO PERÍODO DE EXPERIÊNCIA;5 anos/Arquivamento;52 anos/Transferência;Eliminação;
022.63;m;PROMOÇÃO E PROGRESSÃO FUNCIONAL;5 anos/Arquivamento;52 anos/Transferência;Eliminação;
022.7;z;VACÂNCIA;5 anos/Arquivamento;52 anos/Transferência;Eliminação;
023;g;CONCESSÃO DE DIREITOS E VANTAGENS;-;-;-;
023.1;z;PAGAMENTO DE VENCIMENTOS. REMUNERAÇÕES. SALÁRIOS. PROVENTOS;-;-;-;
023.11;m;FOLHAS DE PAGAMENTO;5 anos/Arquivamento;95 anos/Transferência;Eliminação;
023.12;m;REESTRUTURAÇÃO E ALTERAÇÃO SALARIAL;5 anos/Arquivamento;52 anos/Transferência;Eliminação;
023.13;m;ABONO PROVISÓRIO;7 anos/Arquivamento;–/–;Eliminação;
023.14;m;ABONO DE PERMANÊNCIA EM SERVIÇO;*/Homologação da aposentadoria;–/–;Eliminação;*O prazo de guarda se encerra imediatamente após o evento.
023.15;m;GRATIFICAÇÕES;-;-;-;
023.151;n;FUNÇÃO;5 anos/Arquivamento;52 anos/Transferência;Eliminação;
023.152;n;JETONS;7 anos/Arquivamento;–/–;Eliminação;
023.153;n;CARGOS EM COMISSÃO;5 anos/Arquivamento;52 anos/Transferência;Eliminação;
023.154;n;NATALINA. DÉCIMO TERCEIRO SALÁRIO;7 anos/Arquivamento;–/–;Eliminação;
023.155;n;DESEMPENHO;5 anos/Arquivamento;52 anos/Transferência;Eliminação;
023.156;n;ENCARGO DE CURSO E CONCURSO;7 anos/Arquivamento;–/–;Eliminação;
023.157;n;TITULAÇÃO;5 anos/Arquivamento;52 anos/Transferência;Eliminação;
023.16;m;ADICIONAIS;-;-;-;
023.161;n;TEMPO DE SERVIÇO;5 anos/Arquivamento;52 anos/Transferência;Eliminação;
023.162;n;NOTURNO;5 anos/Arquivamento;52 anos/Transferência;Eliminação;
023.163;n;PERICULOSIDADE;5 anos/Arquivamento;52 anos/Transferência;Eliminação;
023.164;n;INSALUBRIDADE;5 anos/Arquivamento;52 anos/Transferência;Eliminação;
023.165;n;ATIVIDADE PENOSA;5 anos/Arquivamento;52 anos/Transferência;Eliminação;
023.166;n;SERVIÇO EXTRAORDINÁRIO. HORAS EXTRAS;5 anos/Arquivamento;52 anos/Transferência;Eliminação;
023.167;n;UM TERÇO DE FÉRIAS. ABONO PECUNIÁRIO;7 anos/Arquivamento;–/–;Eliminação;
023.17;m;DESCONTOS;-;-;-;
023.171;n;CONTRIBUIÇÃO SINDICAL, ASSISTENCIAL E CONFEDERATIVA;7 anos/Arquivamento;–/–;Eliminação;
023.172;n;CONTRIBUIÇÃO PARA O PLANO DE SEGURIDADE SOCIAL;5 anos/Arquivamento;52 anos/Transferência;Eliminação
023.173;n;IMPOSTO DE RENDA RETIDO NA FONTE (IRRF);7 anos/Arquivamento;–/–;Eliminação;
023.174;n;PENSÃO ALIMENTÍCIA;5 anos/Arquivamento;95 anos/Transferência;Eliminação;
023.175;n;CONSIGNAÇÕES FACULTATIVAS;*/Fim da vigência da consignação;7 anos/Transferência;Eliminação;*O prazo de guarda se encerra imediatamente após o evento.
023.18;m;OBRIGAÇÕES TRABALHISTAS E ESTATUTÁRIAS, ENCARGOS PATRONAIS E RECOLHIMENTOS;-;-;-;
023.181;n;PROGRAMA DE FORMAÇÃO DO PATRIMÔNIO DO SERVIDOR PÚBLICO (PASEP). PROGRAMA DE INTEGRAÇÃO SOCIAL (PIS);5 anos/Arquivamento;5 anos/Transferência;Eliminação;
023.182;n;FUNDO DE GARANTIA DO TEMPO DE SERVIÇO (FGTS);5 anos/Arquivamento;52 anos/Transferência;Eliminação;
023.183;n;CONTRIBUIÇÃO SINDICAL DO EMPREGADOR;7 anos/Arquivamento;–/–;Eliminação;
023.184;n;CONTRIBUIÇÃO PARA O PLANO DE SEGURIDADE SOCIAL;5 anos/Arquivamento;95 anos/Transferência;Eliminação;
023.185;n;IMPOSTO DE RENDA;7 anos/Arquivamento;–/–;Eliminação;
023.186;n;LEI DOS DOIS TERÇOS. RELAÇÃO ANUAL DE INFORMAÇÕES SOCIAIS (RAIS);5 anos/Arquivamento;5 anos/Transferência;Eliminação;
023.19;m;OUTRAS AÇÕES REFERENTES AO PAGAMENTO DE VENCIMENTOS. REMUNERAÇÕES. SALÁRIOS. PROVENTOS;-;-;-;
023.191;n;RETIFICAÇÃO DE PAGAMENTO;7 anos/Arquivamento;–/–;Eliminação;
023.2;z;FÉRIAS;7 anos/Arquivamento;–/–;Eliminação;
023.3;z;LICENÇAS;5 anos/Arquivamento;52 anos/Transferência;Eliminação;;
023.4;z;AFASTAMENTOS;5 anos/Arquivamento;52 anos/Transferência;Eliminação;
023.5;z;CONCESSÕES;5 anos/Arquivamento;52 anos/Transferência;Eliminação;
023.6;z;AUXÍLIOS;*/Aprovação das contas do ano fiscal pelo Tribunal de Contas da União (ou a apresentação do Relatório de Gestão ao TCU);5 anos/Após a aprovação das contas do ano fiscal pelo Tribunal de Contas da União (ou após apresentação do Relatório de Gestão ao TCU);Eliminação;*O prazo de guarda se encerra imediatamente após o evento.
023.7;z;REEMBOLSO DE DESPESAS. INDENIZAÇÃO;-;-;-;
023.71;m;MUDANÇA DE DOMICÍLIO;*/Aprovação das contas do ano fiscal pelo Tribunal de Contas da União (ou a apresentação do Relatório de Gestão ao TCU);5 anos/Após a aprovação das contas do ano fiscal pelo Tribunal de Contas da União (ou após apresentação do Relatório de Gestão ao TCU;Eliminação;*O prazo de guarda se encerra imediatamente após o evento.
023.72;m;LOCOMOÇÃO;*/Aprovação das contas do ano fiscal pelo Tribunal de Contas da União (ou a apresentação do Relatório de Gestão ao TCU);5 anos/Após a aprovação das contas do ano fiscal pelo Tribunal de Contas da União (ou após apresentação do Relatório de Gestão ao TCU);Eliminação; *O prazo de guarda se encerra imediatamente após o evento.
023.73;m;RESSARCIMENTO DE PLANO DE SAÚDE;*/Aprovação das contas do ano fiscal pelo Tribunal de Contas da União (ou a apresentação do Relatório de Gestão ao TCU);5 anos/Após a aprovação das contas do ano fiscal pelo Tribunal de Contas da União (ou após apresentação do Relatório de Gestão ao TCU);Eliminação;*O prazo de guarda se encerra imediatamente após o evento.
023.9;z;OUTRAS AÇÕES REFERENTES À CONCESSÃO DE DIREITOS E VANTAGENS;-;-;-;
023.91;m;CONTRATAÇÃO DE SEGURO;*/Aprovação das contas do ano fiscal pelo Tribunal de Contas da União (ou a apresentação do Relatório de Gestão ao TCU);5 anos/Após a aprovação das contas do ano fiscal pelo Tribunal de Contas da União (ou após apresentação do Relatório de Gestão ao TCU);Eliminação;*O prazo de guarda se encerra imediatamente após o evento.
023.92;m;OCUPAÇÃO DE IMÓVEL FUNCIONAL;*/Fim da ocupação do imóvel;5 anos/Transferência;Eliminação;*O prazo de guarda se encerra imediatamente após o evento.
023.93;m;FORNECIMENTO DE TRANSPORTE;*/Aprovação das contas do ano fiscal pelo Tribunal de Contas da União (ou a apresentação do Relatório de Gestão ao TCU);5 anos/Após a aprovação das contas do ano fiscal pelo Tribunal de Contas da União (ou após apresentação do Relatório de Gestão ao TCU);Eliminação;*O prazo de guarda se encerra imediatamente após o evento.
024;g;CAPACITAÇÃO DO SERVIDOR;-;-;-;Utilizar os prazos de guarda e a destinação final dos assentamentos funcionais para os documentos comprobatórios de participação.
024;z;CAPACITAÇÃO DO SERVIDOR;-;-;-;Utilizar os prazos de guarda e a destinação final dos assentamentos funcionais para os documentos comprobatórios de participação.
024.01;m;PLANEJAMENTO DA CAPACITAÇÃO;5 anos/Arquivamento;5 anos/Transferência;Guarda permanente;
024.1;z;PROMOÇÃO DE CURSOS PELO ÓRGÃO E ENTIDADE;-;-;-;
024.11;m;PROGRAMAÇÃO;5 anos/Arquivamento;5 anos/Transferência;Guarda permanente;
024.12;m;INSCRIÇÃO E FREQUÊNCIA;5 anos/Arquivamento;–/–;Eliminação;
024.13;m;AVALIAÇÃO E RESULTADOS;5 anos/Arquivamento;5 anos/Transferência;Guarda permanente;
024.2;z;PARTICIPAÇÃO EM CURSOS PROMOVIDOS POR OUTROS ÓRGÃOS E ENTIDADES;5 anos/Arquivamento;–/–;Eliminação;
024.3;z;PROMOÇÃO DE ESTÁGIOS PELO ÓRGÃO E ENTIDADE;-;-;-;
024.31;m;PROGRAMAÇÃO;5 anos/Arquivamento;5 anos/Transferência;Guarda permanente;
024.32;m;INSCRIÇÃO E FREQUÊNCIA;5 anos/Arquivamento;–/–;Eliminação;
024.33;m;AVALIAÇÃO E RESULTADOS;5 anos/Arquivamento;5 anos/Transferência;Guarda permanente;
024.4;z;PARTICIPAÇÃO EM ESTÁGIOS PROMOVIDOS POR OUTROS ÓRGÃOS E ENTIDADES;5 anos/Arquivamento;–/–;Eliminação;
024.5;z;CONCESSÃO DE ESTÁGIOS E BOLSAS PARA ESTUDANTES;-;-;-;;
024.51;m;RELAÇÃO COM INSTITUIÇÕES DE ENSINO E AGENTES DE INTEGRAÇÃO;*/Fim da vigência do convênio;2 anos/Transferência;Eliminação;*O prazo de guarda se encerra imediatamente após o evento.
024.52;m;PLANO DE ESTÁGIO;*/Término do vínculo do estudante com a administração pública;2 anos/Transferência;Eliminação;*O prazo de guarda se encerra imediatamente após o evento.
025;g;PROMOÇÃO DA SAÚDE E BEM-ESTAR;-;-;-;
025.1;z;ASSISTÊNCIA A SAÚDE;-;-;-;
025.11;m;CELEBRAÇÃO DE CONVÊNIOS DE ASSISTÊNCIA À SAÚDE;*/Aprovação das contas do ano fiscal pelo Tribunal de Contas da União (ou a apresentação do Relatório de Gestão ao TCU);5 anos/Após a aprovação das contas do ano fiscal pelo Tribunal de Contas da União (ou após apresentação do Relatório de Gestão ao TCU);Eliminação;*O prazo de guarda se encerra imediatamente após o evento.
025.12;m;ORIENTAÇÃO PARA CUIDADOS COM A SAÚDE;2 anos/Arquivamento;–/–;Eliminação;
025.13;m;PROMOÇÃO DE ATIVIDADE FÍSICA;2 anos/Arquivamento;–/–;Eliminação;
025.14;m;REGISTRO DE ASSISTÊNCIA À SAÚDE EM PRONTUÁRIO;5 anos/Arquivamento;95 anos/Transferência;Eliminação;
025.2;z;PRESERVAÇÃO DA SAÚDE E HIGIENE;-;-;-;
025.21;m;CONTROLE DE RISCOS AMBIENTAIS;5 anos/Arquivamento;15 anos/Transferência;Guarda permanente;
025.22;m;OFERTA DE SERVIÇOS DE REFEITÓRIOS, CANTINAS E COPAS;*/Fim da vigência;2 anos/Transferência;Eliminação;*O prazo de guarda se encerra imediatamente após o evento.
025.3;z;SEGURANÇA DO TRABALHO. PREVENÇÃO DE ACIDENTES DE TRABALHO;-;-;-;
025.31;m;CONSTITUIÇÃO DA COMISSÃO INTERNA DE PREVENÇÃO DE ACIDENTES (Cipa);-;-;-;
025.311;n;COMPOSIÇÃO E ATUAÇÃO;5 anos/Arquivamento;5 anos/Transferência;Guarda permanente;
025.312;n;OPERACIONALIZAÇÃO DE REUNIÕES;2 anos/Arquivamento;–/–;Eliminação;
025.32;m;REGISTRO DE OCORRÊNCIAS DE ACIDENTES DE TRABALHO;5 anos/Arquivamento;52 anos/Transferência;Eliminação;
026;g;CONCESSÃO DE BENEFÍCIOS DE SEGURIDADE E PREVIDÊNCIA SOCIAL;-;-;-;
026;z;CONCESSÃO DE BENEFÍCIOS DE SEGURIDADE E PREVIDÊNCIA SOCIAL;-;-;-;
026.01;m;ADESÃO À PREVIDÊNCIA COMPLEMENTAR;5 anos/Arquivamento;52 anos/Transferência;Eliminação;
026.02;m;CONTAGEM E AVERBAÇÃO DE TEMPO DE SERVIÇO;*/Homologação da aposentadoria;5 anos/Transferência;Eliminação;*O prazo de guarda se encerra imediatamente após o evento.
026.1;z;SALÁRIO FAMÍLIA;5 anos/Arquivamento;19 anos*/Transferência;Eliminação;*ou 95 anos, nos casos previstos na legislação específica para as concessões especiais.
026.2;z;SALÁRIO MATERNIDADE;7 anos/Arquivamento;–/–;Eliminação;
026.3;z;AUXÍLIOS;*/Aprovação das contas do ano fiscal pelo Tribunal de Contas da União (ou a apresentação do Relatório de Gestão ao TCU);5 anos/Após a aprovação das contas do ano fiscal pelo Tribunal de Contas da União (ou após apresentação do Relatório de Gestão ao TCU);Eliminação;*O prazo de guarda se encerra imediatamente após o evento.
026.4;z;LICENÇAS;5 anos/Arquivamento;52 anos/Transferência;Eliminação;
026.5;z;APOSENTADORIA;-;-;-;
026.51;m;INVALIDEZ PERMANENTE;5 anos/Arquivamento;95 anos/Transferência;Eliminação;
026.52;m;COMPULSÓRIA;5 anos/Arquivamento;95 anos/Transferência;Eliminação;
026.53;m;VOLUNTÁRIA;5 anos/Arquivamento;95 anos/Transferência;Eliminação;
026.54;m;ESPECIAL;5 anos/Arquivamento;95 anos/Transferência;Eliminação;
026.6;z;PENSÃO POR MORTE;-;-;-;
026.61;m;PENSÃO PROVISÓRIA. PENSÃO TEMPORÁRIA;*/Fim da vigência;5 anos/Transferência;Eliminação;*O prazo de guarda se encerra imediatamente após o evento.
026.62;m;PENSÃO VITALÍCIA;5 anos/Arquivamento;95 anos/Transferência;Eliminação;
026.9;z;OUTRAS AÇÕES REFERENTES À CONCESSÃO DE BENEFÍCIOS DE SEGURIDADE E PREVIDÊNCIA SOCIAL;-;-;-;
026.91;m;AUXÍLIO RECLUSÃO;5 anos/Arquivamento;52 anos/Transferência;Eliminação;
027;g;APURAÇÃO DE RESPONSABILIDADE DISCIPLINAR;-;-;-;
027.1;z;AVERIGUAÇÃO DE DENÚNCIAS;5 anos/Arquivamento;95 anos/Transferência;Guarda permanente;
027.2;z;APLICAÇÃO DE PENALIDADES DISCIPLINARES;5 anos/Arquivamento;95 anos/Transferência;Guarda permanente;
027.3;z;AJUSTAMENTO DE CONDUTA;5 anos/Arquivamento;52 anos/Transferência;Eliminação;
028;g;CUMPRIMENTO DE MISSÕES E VIAGENS A SERVIÇO;;;;Eliminar, após 2 anos da produção, os documentos referentes as missões e viagens a serviço não efetivadas ou indeferidas.
028.1;z;NO PAÍS;-;-;-;
028.11;m;COM ÔNUS;*/Aprovação das contas do ano fiscal pelo Tribunal de Contas da União (ou a apresentação do Relatório de Gestão ao TCU);5 anos/Após a aprovação das contas do ano fiscal pelo Tribunal de Contas da União (ou após apresentação do Relatório de Gestão ao TCU);Eliminação;*O prazo de guarda se encerra imediatamente após o evento.
028.12;m;COM ÔNUS LIMITADO;7 anos/Arquivamento;–/–;Eliminação;
028.2;z;NO EXTERIOR;-;-;-;
028.21;m;COM ÔNUS;*/Aprovação das contas do ano fiscal pelo Tribunal de Contas da União (ou a apresentação do Relatório de Gestão ao TCU);5 anos/Após a aprovação das contas do ano fiscal pelo Tribunal de Contas da União (ou após apresentação do Relatório de Gestão ao TCU);Eliminação;*O prazo de guarda se encerra imediatamente após o evento.
028.22;m;COM ÔNUS LIMITADO;7 anos/Arquivamento;–/–;Eliminação;
028.23;m;SEM ÔNUS;7 anos/Arquivamento;–/–;Eliminação;
029;g;OUTRAS AÇÕES REFERENTES À GESTÃO DE PESSOAS;-;-;-;
029.1;z;CONTROLE DE ASSIDUIDADE E PONTUALIDADE;-;-;-;
029.11;m;CONTROLE DE FREQUÊNCIA;5 anos/Arquivamento;52 anos/Transferência;Eliminação;
029.12;m;DEFINIÇÃO DO HORÁRIO DE EXPEDIENTE;2 anos/Arquivamento;–/–;Eliminação;
029.13;m;REGISTRO DAS ATIVIDADES DE TELETRABALHO;5 anos/Arquivamento;52 anos/Transferência;Eliminação;
029.2;z;INSTITUIÇÃO DO PROGRAMA DE CRECHE;-;-;-;
029.21;m;PUBLICAÇÃO E DIVULGAÇÃO;5 anos/Arquivamento;5 anos/Transferência;Guarda permanente;
029.22;m;INSCRIÇÃO, SELEÇÃO, ADMISSÃO E RENOVAÇÃO;*/Término do vínculo do beneficiário;10 anos/Transferência;Eliminação;*O prazo de guarda se encerra imediatamente após o evento.
029.23;m;ACOMPANHAMENTO PEDAGÓGICO, MÉDICO E DO DESENVOLVIMENTO DA CRIANÇA;*/Término do vínculo do beneficiário;10 anos/Transferência;Eliminação;*O prazo de guarda se encerra imediatamente após o evento.
029.24;m;AVALIAÇÃO DO PROGRAMA;5 anos/Arquivamento;5 anos/Transferência;Guarda permanente;Eliminar, após 2 anos da produção, os documentos cujas informações encontram-se recapituladas ou consolidadas em outros.
029.3;z;INCENTIVOS FUNCIONAIS;5 anos/Arquivamento;5 anos/Transferência;Guarda permanente;
029.4;z;DELEGAÇÃO DE COMPETÊNCIA E PROCURAÇÃO;*/Fim da vigência;5 anos/Transferência;Eliminação;*O prazo de guarda se encerra imediatamente após o evento. Utilizar os prazos dos documentos financeiros para os documentos referentes aos ordenadores de despesas. 
029.5;z;CONTRATAÇÃO DE SERVIÇOS PROFISSIONAIS TRANSITÓRIOS;-;-;-;
029.6;z;PETIÇÃO DE DIREITOS;*/Até a solução da interposição de pedido de reconsideração ou de recurso;5 anos/Transferência;Guarda permanente;*O prazo de guarda se encerra imediatamente após o evento.
030;s;GESTÃO DE MATERIAIS;-;-;-;
030;g;GESTÃO DE MATERIAIS;-;-;-;
030.01;z;NORMATIZAÇÃO. REGULAMENTAÇÃO;*/Fim da vigência;5 anos/Transferência;Guarda permanente;*O prazo de guarda se encerra imediatamente após o evento.
030.02;z;CADASTRAMENTO DE FORNECEDORES E DE PRESTADORES DE SERVIÇOS;5 anos/Arquivamento;–/–;Eliminação;
030.03;z;ESPECIFICAÇÃO, PADRONIZAÇÃO, CODIFICAÇÃO, PREVISÃO, IDENTIFICAÇÃO E CLASSIFICAÇÃO;2 anos/Arquivamento;–/–;Eliminação;
030.04;z;QUALIFICAÇÃO DE FORNECEDORES;5 anos/Arquivamento;–/–;Eliminação;
031;g;AQUISIÇÃO E INCORPORAÇÃO;-;-;-;Eliminar, após 2 anos da produção, os documentos referentes às ações de aquisição e incorporação não efetivadas.
031.1;z;COMPRA;-;-;-;
031.11;m;MATERIAL PERMANENTE;*/Aprovação das contas do ano fiscal pelo Tribunal de Contas da União (ou a apresentação do Relatório de Gestão ao TCU);5 anos/Após a aprovação das contas do ano fiscal pelo Tribunal de Contas da União (ou após apresentação do Relatório de Gestão ao TCU);Eliminação;*O prazo de guarda se encerra imediatamente após o evento.
031.12;m;MATERIAL DE CONSUMO;*/Aprovação das contas do ano fiscal pelo Tribunal de Contas da União (ou a apresentação do Relatório de Gestão ao TCU);5 anos/Após a aprovação das contas do ano fiscal pelo Tribunal de Contas da União (ou após apresentação do Relatório de Gestão ao TCU);Eliminação;*O prazo de guarda se encerra imediatamente após o evento.
031.2;z;DOAÇÃO E PERMUTA;-;-;-;
031.21;m;MATERIAL PERMANENTE;4 anos/Arquivamento;5 anos/Transferência;Eliminação;Utilizar os prazos dos documentos financeiros para as transações que envolvam pagamento de despesas.
031.22;m;MATERIAL DE CONSUMO;4 anos/Arquivamento;5 anos/Transferência;Eliminação;Utilizar os prazos dos documentos financeiros para as transações que envolvam pagamento de despesas.
031.3;z;DAÇÃO. ADJUDICAÇÃO;-;-;-;
031.31;m;MATERIAL PERMANENTE;*/Quitação total da dívida;5 anos/Transferência;Eliminação;*O prazo de guarda se encerra imediatamente após o evento. Utilizar os prazos dos documentos financeiros para as transações que envolvam pagamento de despesas.
031.32;m;MATERIAL DE CONSUMO;*/Quitação total da dívida;5 anos/Transferência;Eliminação;*O prazo de guarda se encerra imediatamente após o evento. Utilizar os prazos dos documentos financeiros para as transações que envolvam pagamento de despesas.
031.4;z;CESSÃO, COMODATO E EMPRÉSTIMO;-;-;-;
031.41;m;MATERIAL PERMANENTE;*/Enquanto vigora;5 anos/Transferência;Eliminação;*O prazo de guarda se encerra imediatamente após o evento. Utilizar os prazos dos documentos financeiros para as transações que envolvam pagamento de despesas.
031.42;m;MATERIAL DE CONSUMO;*/Enquanto vigora;5 anos/Transferência;Eliminação;*O prazo de guarda se encerra imediatamente após o evento. Utilizar os prazos dos documentos financeiros para as transações que envolvam pagamento de despesas.
031.5;z;LOCAÇÃO. ARRENDAMENTO MERCANTIL (LEASING);*/Aprovação das contas do ano fiscal pelo Tribunal de Contas da União (ou a apresentação do Relatório de Gestão ao TCU);5 anos/Após a aprovação das contas do ano fiscal pelo Tribunal de Contas da União (ou após apresentação do Relatório de Gestão ao TCU);Eliminação;*O prazo de guarda se encerra imediatamente após o evento.
032;g;MOVIMENTAÇÃO DE MATERIAL;-;-;-;
032;z;MOVIMENTAÇÃO DE MATERIAL;-;-;-;
032.01;m;TERMO DE RESPONSABILIDADE. CAUTELA;*/Aprovação das contas do ano fiscal pelo Tribunal de Contas da União (ou a apresentação do Relatório de Gestão ao TCU);5 anos/Após a aprovação das contas do ano fiscal pelo Tribunal de Contas da União (ou após apresentação do Relatório de Gestão ao TCU);Eliminação;*O prazo de guarda se encerra imediatamente após o evento.
032.1;z;CONTROLE DE ESTOQUE;2 anos/Arquivamento;–/–;Eliminação;Observar os prazos da legislação em vigor para os documentos referentes a produtos e insumos químicos e outras substâncias entorpecentes.
032.2;z;AUTORIZAÇÃO DE ENTRADA E SAÍDA DE MATERIAL;1 ano/Arquivamento;–/–;Eliminação;Observar os prazos da legislação em vigor para os documentos referentes a produtos e insumos químicos e outras substâncias entorpecentes.
032.3;z;RECOLHIMENTO DE MATERIAL INSERVÍVEL AO DEPÓSITO;2 anos/Arquivamento;–/–;Eliminação;Observar os prazos da legislação em vigor para os documentos referentes a produtos e insumos químicos e outras substâncias entorpecentes.
032.4;z;TOMBAMENTO;*/Alienação;5 anos/Transferência;Guarda permanente;*O prazo de guarda se encerra imediatamente após o evento.
033;g;ALIENAÇÃO E BAIXA;-;-;-;Eliminar, após 2 anos da produção, os documentos referentes às ações de alienação e baixa não efetivadas.
033.1;z;VENDA;-;-;-;
033.11;m;MATERIAL PERMANENTE;*/Aprovação das contas do ano fiscal pelo Tribunal de Contas da União (ou a apresentação do Relatório de Gestão ao TCU);5 anos/Após a aprovação das contas do ano fiscal pelo Tribunal de Contas da União (ou após apresentação do Relatório de Gestão ao TCU);Eliminação;*O prazo de guarda se encerra imediatamente após o evento.
033.12;m;MATERIAL DE CONSUMO;*/Aprovação das contas do ano fiscal pelo Tribunal de Contas da União (ou a apresentação do Relatório de Gestão ao TCU);5 anos/Após a aprovação das contas do ano fiscal pelo Tribunal de Contas da União (ou após apresentação do Relatório de Gestão ao TCU);Eliminação;*O prazo de guarda se encerra imediatamente após o evento.
033.2;z;DOAÇÃO E PERMUTA;-;-;-;
033.21;m;MATERIAL PERMANENTE;4 anos/Arquivamento;5 anos/Transferência;Eliminação;Utilizar os prazos dos documentos financeiros para as transações que envolvam pagamento de despesas.
033.22;m;MATERIAL DE CONSUMO;4 anos/Arquivamento;5 anos/Transferência;Eliminação;Utilizar os prazos dos documentos financeiros para as transações que envolvam pagamento de despesas.
033.3;z;DAÇÃO. ADJUDICAÇÃO;-;-;-;
033.31;m;MATERIAL PERMANENTE;*/Quitação total da dívida;5 anos/Transferência;Eliminação;*O prazo de guarda se encerra imediatamente após o evento. Utilizar os prazos dos documentos financeiros para as transações que envolvam pagamento de despesas.
033.32;m;MATERIAL DE CONSUMO;*/Quitação total da dívida;5 anos/Transferência;Eliminação;*O prazo de guarda se encerra imediatamente após o evento. Utilizar os prazos dos documentos financeiros para as transações que envolvam pagamento de despesas.
033.4;z;DESFAZIMENTO;-;-;-;
033.41;m;MATERIAL PERMANENTE;4 anos/Arquivamento;5 anos/Transferência;Eliminação; Utilizar os prazos dos documentos financeiros para as transações que envolvam pagamento de despesas.
033.42;m;MATERIAL DE CONSUMO;4 anos/Arquivamento;5 anos/Transferência;Eliminação; Utilizar os prazos dos documentos financeiros para as transações que envolvam pagamento de despesas.
033.5;z;CESSÃO, COMODATO E EMPRÉSTIMO;-;-;-;
033.51;m;MATERIAL PERMANENTE;4 anos/Arquivamento;5 anos/Transferência;Eliminação; Utilizar os prazos dos documentos financeiros para as transações que envolvam pagamento de despesas.
033.52;m;MATERIAL DE CONSUMO;4 anos/Arquivamento;5 anos/Transferência;Eliminação; Utilizar os prazos dos documentos financeiros para as transações que envolvam pagamento de despesas.
033.6;z;EXTRAVIO, ROUBO, DESAPARECIMENTO, FURTO E AVARIA;*/Conclusão do caso;5 anos/Transferência;Eliminação;*O prazo de guarda se encerra imediatamente após o evento. Observar os prazos da legislação em vigor para os documentos referentes a produtos e insumos químicos e outras substâncias entorpecentes.
034;g;CONTRATAÇÃO DE PRESTAÇÃO DE SERVIÇOS;-;-;-;
035;g;EXECUÇÃO DE SERVIÇOS DE INSTALAÇÃO E MANUTENÇÃO;1 ano/Arquivamento;–/–;Eliminação;
036;g;CONTROLE DE MATERIAIS;-;-;-;
036;z;CONTROLE DE MATERIAIS;-;-;-;
036.01;m;COMISSÃO DE INVENTÁRIO;*/Enquanto vigora;–/–;Guarda permanente;*O prazo de guarda se encerra imediatamente após o evento.
036.1;z;INVENTÁRIO DE MATERIAL PERMANENTE;*/Aprovação das contas do ano fiscal pelo Tribunal de Contas da União (ou a apresentação do Relatório de Gestão ao TCU);5 anos/Após a aprovação das contas do ano fiscal pelo Tribunal de Contas da União (ou após apresentação do Relatório de Gestão ao TCU);Guarda permanente;*O prazo de guarda se encerra imediatamente após o evento.
036.2;z;INVENTÁRIO DE MATERIAL DE CONSUMO;*/Aprovação das contas do ano fiscal pelo Tribunal de Contas da União (ou a apresentação do Relatório de Gestão ao TCU);5 anos/Após a aprovação das contas do ano fiscal pelo Tribunal de Contas da União (ou após apresentação do Relatório de Gestão ao TCU);Eliminação;*O prazo de guarda se encerra imediatamente após o evento.
039;g;OUTRAS AÇÕES REFERENTES A GESTÃO DE MATERIAIS;-;-;-;
039.1;z;RACIONALIZAÇÃO DO USO DE MATERIAL;-;-;-;
039.11;m;CRIAÇÃO E ATUAÇÃO DE GRUPOS DE TRABALHO;4 anos/Arquivamento;5 anos/Transferência;Guarda permanente;
039.12;m;OPERACIONALIZAÇÃO DE REUNIÕES;2 anos/Arquivamento;–/–;Eliminação;
039.2;z;EMPRÉSTIMO E DEVOLUÇÃO DE MATERIAL PERMANENTE;*/Enquanto vigora;1 ano/Transferência;Eliminação;*O prazo de guarda se encerra imediatamente após o evento.
040;s;GESTÃO DE BENS PATRIMONIAIS E DE SERVIÇOS;-;-;-;
040;g;GESTÃO DE BENS PATRIMONIAIS E DE SERVIÇOS;-;-;-;
040.01;z;NORMATIZAÇÃO. REGULAMENTAÇÃO;*/Enquanto vigora;5 anos/Transferência;Guarda permanente;*O prazo de guarda se encerra imediatamente após o evento.
041;g;AQUISIÇÃO E INCORPORAÇÃO;-;-;-;Eliminar, após 2 anos da produção, os documentos referentes às ações de aquisição e incorporação não efetivadas.
041.1;z;COMPRA;-;-;-;
041.11;m;BENS IMÓVEIS;*/Aprovação das contas do ano fiscal pelo Tribunal de Contas da União (ou a apresentação do Relatório de Gestão ao TCU);5 anos/Após a aprovação das contas do ano fiscal pelo Tribunal de Contas da União (ou após apresentação do Relatório de Gestão ao TCU);Guarda permanente;*O prazo de guarda se encerra imediatamente após o evento.
041.12;m;VEÍCULOS;*/Aprovação das contas do ano fiscal pelo Tribunal de Contas da União (ou a apresentação do Relatório de Gestão ao TCU);5 anos/Após a aprovação das contas do ano fiscal pelo Tribunal de Contas da União (ou após apresentação do Relatório de Gestão ao TCU);Eliminação;*O prazo de guarda se encerra imediatamente após o evento.
041.13;m;BENS SEMOVENTES;*/Aprovação das contas do ano fiscal pelo Tribunal de Contas da União (ou a apresentação do Relatório de Gestão ao TCU);5 anos/Após a aprovação das contas do ano fiscal pelo Tribunal de Contas da União (ou após apresentação do Relatório de Gestão ao TCU);Eliminação;*O prazo de guarda se encerra imediatamente após o evento.
041.2;z;DOAÇÃO E PERMUTA;-;-;-;
041.21;m;BENS IMÓVEIS;4 anos/Arquivamento;5 anos/Transferência;Guarda permanente;
041.22;m;VEÍCULOS;4 anos/Arquivamento;5 anos/Transferência;Eliminação;Utilizar os prazos dos documentos financeiros para as transações que envolvam pagamento de despesas.
041.23;m;BENS SEMOVENTES;4 anos/Arquivamento;5 anos/Transferência;Eliminação;Utilizar os prazos dos documentos financeiros para as transações que envolvam pagamento de despesas.
041.3;z;DAÇÃO. ADJUDICAÇÃO;-;-;-;
041.31;m;BENS IMÓVEIS;*/Quitação total da dívida;5 anos/Transferência;Guarda permanente;*O prazo de guarda se encerra imediatamente após o evento.
041.32;m;VEÍCULOS;*/Quitação total da dívida;5 anos/Transferência;Eliminação;*O prazo de guarda se encerra imediatamente após o evento. Utilizar os prazos dos documentos financeiros para as transações que envolvam pagamento de despesas.
041.4;z;PROCRIAÇÃO;4 anos/Arquivamento;5 anos/Transferência;Eliminação;Utilizar os prazos dos documentos financeiros para as transações que envolvam pagamento de despesas.
041.5;z;CESSÃO E COMODATO;-;-;-;
041.51;m;BENS IMÓVEIS;4 anos/Arquivamento;5 anos/Transferência;Guarda permanente;
041.52;m;VEÍCULOS;4 anos/Arquivamento;5 anos/Transferência;Eliminação;Utilizar os prazos dos documentos financeiros para as transações que envolvam pagamento de despesas.
041.53;m;BENS SEMOVENTES;4 anos/Arquivamento;5 anos/Transferência;Eliminação;Utilizar os prazos dos documentos financeiros para as transações que envolvam pagamento de despesas.
041.6;z;LOCAÇÃO. ARRENDAMENTO MERCANTIL (LEASING). SUBLOCAÇÃO;-;-;-;
041.61;m;BENS IMÓVEIS;*/Aprovação das contas do ano fiscal pelo Tribunal de Contas da União (ou a apresentação do Relatório de Gestão ao TCU);5 anos/Após a aprovação das contas do ano fiscal pelo Tribunal de Contas da União (ou após apresentação do Relatório de Gestão ao TCU);Eliminação;*O prazo de guarda se encerra imediatamente após o evento.
041.62;m;VEÍCULOS;*/Aprovação das contas do ano fiscal pelo Tribunal de Contas da União (ou a apresentação do Relatório de Gestão ao TCU);5 anos/Após a aprovação das contas do ano fiscal pelo Tribunal de Contas da União (ou após apresentação do Relatório de Gestão ao TCU);Eliminação;*O prazo de guarda se encerra imediatamente após o evento.
041.7;z;DESMEMBRAMENTO;4 anos/Arquivamento;5 anos/Transferência;Guarda permanente;Utilizar os prazos dos documentos financeiros para as transações que envolvam pagamento de despesas.
042;g;ALIENAÇÃO;-;-;-;Eliminar, após 2 anos da produção, os documentos referentes às ações de alienação não efetivadas.
042.1;z;VENDA;-;-;-;
042.11;m;BENS IMÓVEIS;*/Aprovação das contas do ano fiscal pelo Tribunal de Contas da União (ou a apresentação do Relatório de Gestão ao TCU);5 anos/Após a aprovação das contas do ano fiscal pelo Tribunal de Contas da União (ou após apresentação do Relatório de Gestão ao TCU);Guarda permanente;*O prazo de guarda se encerra imediatamente após o evento.
042.12;m;VEÍCULOS;*/Aprovação das contas do ano fiscal pelo Tribunal de Contas da União (ou a apresentação do Relatório de Gestão ao TCU);5 anos/Após a aprovação das contas do ano fiscal pelo Tribunal de Contas da União (ou após apresentação do Relatório de Gestão ao TCU);Eliminação;*O prazo de guarda se encerra imediatamente após o evento.
042.13;m;BENS SEMOVENTES;*/Aprovação das contas do ano fiscal pelo Tribunal de Contas da União (ou a apresentação do Relatório de Gestão ao TCU);5 anos/Após a aprovação das contas do ano fiscal pelo Tribunal de Contas da União (ou após apresentação do Relatório de Gestão ao TCU);Eliminação;*O prazo de guarda se encerra imediatamente após o evento.
042.2;z;DOAÇÃO E PERMUTA;-;-;-;
042.21;m;BENS IMÓVEIS;4 anos/Arquivamento;5 anos/Transferência;Guarda permanente;
042.22;m;VEÍCULOS;4 anos/Arquivamento;5 anos/Transferência;Eliminação;Utilizar prazos dos documentos financeiros para as transações que envolvam pagamento de despesas.
042.23;m;BENS SEMOVENTES;4 anos/Arquivamento;5 anos/Transferência;Eliminação;Utilizar prazos dos documentos financeiros para as transações que envolvam pagamento de despesas.
042.3;z;DAÇÃO. ADJUDICAÇÃO;-;-;-;
042.31;m;BENS IMÓVEIS;*/Quitação total da dívida;5 anos/Transferência;Guarda permanente;*O prazo de guarda se encerra imediatamente após o evento.
042.32;m;VEÍCULOS;*/Quitação total da dívida;5 anos/Transferência;Eliminação;Utilizar prazos dos documentos financeiros para as transações que envolvam pagamento de despesas.
042.4;z;DESAPROPRIAÇÃO E DESMEMBRAMENTO;*/Aprovação das contas do ano fiscal pelo Tribunal de Contas da União (ou a apresentação do Relatório de Gestão ao TCU);5 anos/Após a aprovação das contas do ano fiscal pelo Tribunal de Contas da União (ou após apresentação do Relatório de Gestão ao TCU);Guarda permanente;*O prazo de guarda se encerra imediatamente após o evento.
042.5;z;CESSÃO E COMODATO;-;-;-;
042.51;m;BENS IMÓVEIS;4 anos/Arquivamento;5 anos/Transferência;Guarda permanente;
042.52;m;VEÍCULOS;4 anos/Arquivamento;5 anos/Transferência;Eliminação;Utilizar os prazos dos documentos financeiros para as transações que envolvam pagamento de despesas.
042.53;m;BENS SEMOVENTES;4 anos/Arquivamento;5 anos/Transferência;Eliminação;Utilizar os prazos dos documentos financeiros para as transações que envolvam pagamento de despesas.
042.6;z;LOCAÇÃO. ARRENDAMENTO. SUBLOCAÇÃO;*/Aprovação das contas do ano fiscal pelo Tribunal de Contas da União (ou a apresentação do Relatório de Gestão ao TCU);5 anos/Após a aprovação das contas do ano fiscal pelo Tribunal de Contas da União (ou após apresentação do Relatório de Gestão ao TCU);Eliminação;*O prazo de guarda se encerra imediatamente após o evento.
042.7;z;BAIXA. DESFAZIMENTO;-;-;-;
042.71;m;VEÍCULOS;4 anos/Arquivamento;5 anos/Transferência;Eliminação;
042.72;m;BENS SEMOVENTES;4 anos/Arquivamento;5 anos/Transferência;Eliminação;
043;g;ADMINISTRAÇÃO CONDOMINIAL;-;-;-;
043.1;z;REGISTRO DOS IMÓVEIS;3 anos/Arquivamento;5 anos/Transferência;Guarda permanente;
043.2;z;SERVIÇOS DE CONDOMÍNIO;*/Aprovação das contas do ano fiscal pelo Tribunal de Contas da União (ou a apresentação do Relatório de Gestão ao TCU);5 anos/Após a aprovação das contas do ano fiscal pelo Tribunal de Contas da União (ou após apresentação do Relatório de Gestão ao TCU);Eliminação;*O prazo de guarda se encerra imediatamente após o evento.
043.3;z;REINTEGRAÇÃO DE POSSE. REIVINDICAÇÃO DE DOMÍNIO. DESPEJO DE PERMISSIONÁRIO;*/Aprovação das contas do ano fiscal pelo Tribunal de Contas da União (ou a apresentação do Relatório de Gestão ao TCU);5 anos/Após a aprovação das contas do ano fiscal pelo Tribunal de Contas da União (ou após apresentação do Relatório de Gestão ao TCU);Guarda permanente;*O prazo de guarda se encerra imediatamente após o evento.
043.4;z;TOMBAMENTO;*/Alienação;5 anos/Transferência;Guarda permanente;*O prazo de guarda se encerra imediatamente após o evento.
043.5;z;INSPEÇÃO PATRIMONIAL;3 anos/Arquivamento;5 anos/Transferência;Guarda permanente;
043.6;z;MUDANÇA;-;-;-;
043.61;m;PARA OUTROS IMÓVEIS;*/Aprovação das contas do ano fiscal pelo Tribunal de Contas da União (ou a apresentação do Relatório de Gestão ao TCU);5 anos/Após a aprovação das contas do ano fiscal pelo Tribunal de Contas da União (ou após apresentação do Relatório de Gestão ao TCU);Eliminação;*O prazo de guarda se encerra imediatamente após o evento.
043.62;m;DENTRO DO MESMO IMÓVEL;1 ano/Arquivamento;–/–;Eliminação;Utilizar os prazos dos documentos financeiros para as transações que envolvam pagamento de despesas.
043.7;z;USO DE DEPENDÊNCIAS;2 anos/Arquivamento;–/–;Eliminação;
044;g;ADMINISTRAÇÃO DA FROTA DE VEÍCULOS;-;-;-;
044.1;z;CADASTRAMENTO, LICENCIAMENTO E EMPLACAMENTO;*/Alienação;5 anos/Transferência;Eliminação;
044.2;z;TOMBAMENTO;*/Alienação;5 anos/Transferência;Guarda permanente;
044.3;z;OCORRÊNCIA DE SINISTROS;*/Aprovação das contas do ano fiscal pelo Tribunal de Contas da União (ou a apresentação do Relatório de Gestão ao TCU);5 anos/Após a aprovação das contas do ano fiscal pelo Tribunal de Contas da União (ou após apresentação do Relatório de Gestão ao TCU);Eliminação;*O prazo de guarda se encerra imediatamente após o evento. Observar para os acidentes com vítimas, o prazo total de guarda de 20 anos, após a conclusão do caso.
044.4;z;CONTROLE DE USO;2 anos/Arquivamento;–/–;Eliminação;
044.5;z;ESTACIONAMENTO. GARAGEM;2 anos/Arquivamento;–/–;Eliminação;
044.6;z;NOTIFICAÇÕES DE INFRAÇÕES E MULTAS;*/Aprovação das contas do ano fiscal pelo Tribunal de Contas da União (ou a apresentação do Relatório de Gestão ao TCU);5 anos/Após a aprovação das contas do ano fiscal pelo Tribunal de Contas da União (ou após apresentação do Relatório de Gestão ao TCU);Eliminação;*O prazo de guarda se encerra imediatamente após o evento. Observar para os acidentes com vítimas, o prazo total de guarda de 20 anos, após a conclusão do caso.
045;g;CONTRATAÇÃO DE PRESTAÇÃO DE SERVIÇOS;-;-;-;Eliminar, após 2 anos, os documentos referentes às contratações não efetivadas.
045;z;CONTRATAÇÃO DE PRESTAÇÃO DE SERVIÇOS;-;-;-;Eliminar, após 2 anos, os documentos referentes às contratações não efetivadas.
045.01;m;SEGURO PATRIMONIAL;-;-;-;
045.1;z;FORNECIMENTO DE SERVIÇOS PÚBLICOS ESSENCIAIS;-;-;-;
045.11;m;ÁGUA E ESGOTAMENTO SANITÁRIO;*/Aprovação das contas do ano fiscal pelo Tribunal de Contas da União (ou a apresentação do Relatório de Gestão ao TCU);5 anos/Após a aprovação das contas do ano fiscal pelo Tribunal de Contas da União (ou após apresentação do Relatório de Gestão ao TCU);Eliminação;*O prazo de guarda se encerra imediatamente após o evento.
045.12;m;GÁS;*/Aprovação das contas do ano fiscal pelo Tribunal de Contas da União (ou a apresentação do Relatório de Gestão ao TCU);5 anos/Após a aprovação das contas do ano fiscal pelo Tribunal de Contas da União (ou após apresentação do Relatório de Gestão ao TCU);Eliminação;*O prazo de guarda se encerra imediatamente após o evento.
045.13;m;ENERGIA ELÉTRICA;*/Aprovação das contas do ano fiscal pelo Tribunal de Contas da União (ou a apresentação do Relatório de Gestão ao TCU);5 anos/Após a aprovação das contas do ano fiscal pelo Tribunal de Contas da União (ou após apresentação do Relatório de Gestão ao TCU);Eliminação;*O prazo de guarda se encerra imediatamente após o evento. 
045.2;z;MANUTENÇÃO E REPARO DAS INSTALAÇÕES;-;-;-;
045.21;m;ELEVADORES;-;-;-;
045.22;m;SISTEMAS CENTRAIS DE AR-CONDICIONADO;-;-;-;
045.23;m;SUBESTAÇÕES ELÉTRICAS E GERADORES;-;-;-;
045.24;m;CONSERVAÇÃO PREDIAL;-;-;-;
045.3;z;EXECUÇÃO DE OBRAS;-;-;-;
045.31;m;CONSTRUÇÃO;*/Aprovação das contas do ano fiscal pelo Tribunal de Contas da União (ou a apresentação do Relatório de Gestão ao TCU); 5 anos/ Após a aprovação das contas do ano fiscal pelo Tribunal de Contas da União (ou após apresentação do Relatório de Gestão ao TCU); Guarda permanente; *O prazo de guarda se encerra imediatamente após o evento.
045.32;m;REFORMA. RECUPERAÇÃO. RESTAURAÇÃO;*/Aprovação das contas do ano fiscal pelo Tribunal de Contas da União (ou a apresentação do Relatório de Gestão ao TCU);5 anos/Após a aprovação das contas do ano fiscal pelo Tribunal de Contas da União (ou após apresentação do Relatório de Gestão ao TCU);Guarda permanente;*O prazo de guarda se encerra imediatamente após o evento. 
045.33;m;ADAPTAÇÃO DE USO;*/Aprovação das contas do ano fiscal pelo Tribunal de Contas da União (ou a apresentação do Relatório de Gestão ao TCU);5 anos/Após a aprovação das contas do ano fiscal pelo Tribunal de Contas da União (ou após apresentação do Relatório de Gestão ao TCU); Guarda permanente;*O prazo de guarda se encerra imediatamente após o evento. 
045.4;z;VIGILÂNCIA PATRIMONIAL;-;-;-;
045.5;z;ABASTECIMENTO E MANUTENÇÃO DE VEÍCULOS;-;-;-;
045.6;z;ASSISTÊNCIA VETERINÁRIA;-;-;-;
045.7;z;ADESTRAMENTO;-;-;-;
046;g;PROTEÇÃO, GUARDA E SEGURANÇA PATRIMONIAL;-;-;-;
046.1;z;PREVENÇÃO DE INCÊNDIO;-;-;-;
046.11;m;PLANEJAMENTO, ELABORAÇÃO E ACOMPANHAMENTO DE PROJETOS;4 anos/Arquivamento;5 anos/Transferência;Guarda permanente;
046.12;m;CONSTITUIÇÃO DE BRIGADA VOLUNTÁRIA;4 anos/Arquivamento;5 anos/Transferência;Guarda permanente;
046.13;m;INSTALAÇÃO E MANUTENÇÃO DE EQUIPAMENTOS DE COMBATE A INCÊNDIO;2 anos/Arquivamento;–/–;Eliminação;
046.2;z;MONITORAMENTO. VIGILÂNCIA;2 anos/Arquivamento;–/–;Eliminação;
046.3;z;OCORRÊNCIA DE SINISTROS;*/Conclusão do caso;5 anos/Transferência;Eliminação;*O prazo de guarda se encerra imediatamente após o evento.
046.4;z;CONTROLE DE PORTARIA;2 anos/Arquivamento;*/Transferência;Eliminação;*Observar para os registros de ocorrências, o prazo total de guarda de 10 anos, a contar da produção.
047;g;CONTROLE DE BENS PATRIMONIAIS;-;-;-;
047;z;CONTROLE DE BENS PATRIMONIAIS;-;-;-;
047.01;m;COMISSÃO DE INVENTÁRIO;*/Enquanto vigora;–/–;Guarda permanente;*O prazo de guarda se encerra imediatamente após o evento.
047.1;z;INVENTÁRIO DE BENS IMÓVEIS;*/Aprovação das contas do ano fiscal pelo Tribunal de Contas da União (ou a apresentação do Relatório de Gestão ao TCU);5 anos/Após a aprovação das contas do ano fiscal pelo Tribunal de Contas da União (ou após apresentação do Relatório de Gestão ao TCU);Guarda permanente;*O prazo de guarda se encerra imediatamente após o evento.
047.2;z;INVENTÁRIO DE VEÍCULOS;*/Aprovação das contas do ano fiscal pelo Tribunal de Contas da União (ou a apresentação do Relatório de Gestão ao TCU);5 anos/Após a aprovação das contas do ano fiscal pelo Tribunal de Contas da União (ou após apresentação do Relatório de Gestão ao TCU);Guarda permanente;*O prazo de guarda se encerra imediatamente após o evento.
047.3;z;INVENTÁRIO DE BENS SEMOVENTES;*/Aprovação das contas do ano fiscal pelo Tribunal de Contas da União (ou a apresentação do Relatório de Gestão ao TCU);5 anos/Após a aprovação das contas do ano fiscal pelo Tribunal de Contas da União (ou após apresentação do Relatório de Gestão ao TCU); Guarda permanente; * O prazo de guarda se encerra imediatamente após o evento.
049;g;OUTRAS AÇÕES REFERENTES À GESTÃO DE BENS PATRIMONIAIS E DE SERVIÇOS;-;-;-;
049.1;z;RACIONALIZAÇÃO DO USO DE BENS E SERVIÇOS;-;-;-;
049.11;m;CRIAÇÃO E ATUAÇÃO DE GRUPOS DE TRABALHO;4 anos/Arquivamento;5 anos/Transferência;Guarda permanente;
049.12;m;OPERACIONALIZAÇÃO DE REUNIÕES;2 anos/Arquivamento;–/–;Eliminação;
050;s;GESTÃO ORÇAMENTÁRIA E FINANCEIRA;-;-;-;
050;g;GESTÃO ORÇAMENTÁRIA E FINANCEIRA;-;-;-;
050.01;z;NORMATIZAÇÃO. REGULAMENTAÇÃO;*/Fim da vigência;5 anos/Transferência;Guarda permanente;*O prazo de guarda se encerra imediatamente após o evento.
050.02;z;CONFORMIDADE DE REGISTRO DE GESTÃO;*/Aprovação das contas do ano fiscal pelo Tribunal de Contas da União (ou a apresentação do Relatório de Gestão ao TCU);5 anos/Após a aprovação das contas do ano fiscal pelo Tribunal de Contas da União (ou após apresentação do Relatório de Gestão ao TCU);Eliminação;*O prazo de guarda se encerra imediatamente após o evento.
050.03;z;CONFORMIDADE CONTÁBIL;*/Aprovação das contas do ano fiscal pelo Tribunal de Contas da União (ou a apresentação do Relatório de Gestão ao TCU);5 anos/Após a aprovação das contas do ano fiscal pelo Tribunal de Contas da União (ou após apresentação do Relatório de Gestão ao TCU);Eliminação;*O prazo de guarda se encerra imediatamente após o evento.
051;g;GESTÃO ORÇAMENTÁRIA;-;-;-;
051.1;z;PROGRAMAÇÃO ORÇAMENTÁRIA;5 anos/Arquivamento;5 anos/Transferência;Guarda permanente;Eliminar, após 2 anos da produção, os documentos cujas informações sobre previsão orçamentária encontrem-se recapituladas ou consolidadas em outros.
051.2;z;DETALHAMENTO DE DESPESA;2 anos/Arquivamento;–/–;Eliminação;
051.3;z;EXECUÇÃO ORÇAMENTÁRIA;*/Aprovação das contas do ano fiscal pelo Tribunal de Contas da União (ou a apresentação do Relatório de Gestão ao TCU);5 anos/Após a aprovação das contas do ano fiscal pelo Tribunal de Contas da União (ou após apresentação do Relatório de Gestão ao TCU);Eliminação;*O prazo de guarda se encerra imediatamente após o evento.
051.4;z;RETIFICAÇÃO ORÇAMENTÁRIA. CRÉDITOS ADICIONAIS;5 anos/Arquivamento;5 anos/Transferência;Guarda permanente;
052;g;GESTÃO FINANCEIRA;-;-;-;
052.1;z;PROGRAMAÇÃO FINANCEIRA;*/Aprovação das contas do ano fiscal pelo Tribunal de Contas da União (ou a apresentação do Relatório de Gestão ao TCU);5 anos/Após a aprovação das contas do ano fiscal pelo Tribunal de Contas da União (ou após apresentação do Relatório de Gestão ao TCU);Eliminação;*O prazo de guarda se encerra imediatamente após o evento.
052.2;z;EXECUÇÃO FINANCEIRA;-;-;-;
052.21;m;RECEITA;-;-;-;
052.211;n;RECEITA CORRENTE;*/Aprovação das contas do ano fiscal pelo Tribunal de Contas da União (ou a apresentação do Relatório de Gestão ao TCU);5 anos/Após a aprovação das contas do ano fiscal pelo Tribunal de Contas da União (ou após apresentação do Relatório de Gestão ao TCU);Eliminação;*O prazo de guarda se encerra imediatamente após o evento.
052.212;n;RECEITA DE CAPITAL;*/Aprovação das contas do ano fiscal pelo Tribunal de Contas da União (ou a apresentação do Relatório de Gestão ao TCU);5 anos/Após a aprovação das contas do ano fiscal pelo Tribunal de Contas da União (ou após apresentação do Relatório de Gestão ao TCU);Eliminação;*O prazo de guarda se encerra imediatamente após o evento.
052.213;n;INGRESSO EXTRAORÇAMENTÁRIO;*/Aprovação das contas do ano fiscal pelo Tribunal de Contas da União (ou a apresentação do Relatório de Gestão ao TCU);5 anos/Após a aprovação das contas do ano fiscal pelo Tribunal de Contas da União (ou após apresentação do Relatório de Gestão ao TCU);Eliminação;*O prazo de guarda se encerra imediatamente após o evento.
052.22;m;DESPESA;-;-;-;
052.221;n;DESPESA CORRENTE;*/Aprovação das contas do ano fiscal pelo Tribunal de Contas da União (ou a apresentação do Relatório de Gestão ao TCU);5 anos/Após a aprovação das contas do ano fiscal pelo Tribunal de Contas da União (ou após apresentação do Relatório de Gestão ao TCU);Eliminação;*O prazo de guarda se encerra imediatamente após o evento.
052.222;n;DESPESA DE CAPITAL;*/Aprovação das contas do ano fiscal pelo Tribunal de Contas da União (ou a apresentação do Relatório de Gestão ao TCU);5 anos/Após a aprovação das contas do ano fiscal pelo Tribunal de Contas da União (ou após apresentação do Relatório de Gestão ao TCU);Eliminação;*O prazo de guarda se encerra imediatamente após o evento.
052.23;m;DEMONSTRAÇÃO CONTÁBIL;*/Aprovação das contas do ano fiscal pelo Tribunal de Contas da União (ou a apresentação do Relatório de Gestão ao TCU);5 anos/Após a aprovação das contas do ano fiscal pelo Tribunal de Contas da União (ou após apresentação do Relatório de Gestão ao TCU);Guarda permanente;*O prazo de guarda se encerra imediatamente após o evento.
052.24;m;GESTÃO DE FUNDOS ESPECIAIS;*/Aprovação das contas do ano fiscal pelo Tribunal de Contas da União (ou a apresentação do Relatório de Gestão ao TCU);5 anos/Após a aprovação das contas do ano fiscal pelo Tribunal de Contas da União (ou após apresentação do Relatório de Gestão ao TCU);Eliminação;*O prazo de guarda se encerra imediatamente após o evento.
052.25;m;GERENCIAMENTO DE BENEFÍCIOS, ESTÍMULOS E INCENTIVOS;-;-;-;
052.251;n;FINANCEIROS;*/Aprovação das contas do ano fiscal pelo Tribunal de Contas da União (ou a apresentação do Relatório de Gestão ao TCU);5 anos/Após a aprovação das contas do ano fiscal pelo Tribunal de Contas da União (ou após apresentação do Relatório de Gestão ao TCU);Guarda permanente;*O prazo de guarda se encerra imediatamente após o evento.
052.252;n;CREDITÍCIOS;*/Aprovação das contas do ano fiscal pelo Tribunal de Contas da União (ou a apresentação do Relatório de Gestão ao TCU);5 anos/Após a aprovação das contas do ano fiscal pelo Tribunal de Contas da União (ou após apresentação do Relatório de Gestão ao TCU);Guarda permanente;*O prazo de guarda se encerra imediatamente após o evento.
053;g;OPERAÇÃO BANCÁRIA;-;-;-;
053;z;OPERAÇÃO BANCÁRIA;-;-;-;
053.01;m;CONCILIAÇÃO BANCÁRIA;*/Aprovação das contas do ano fiscal pelo Tribunal de Contas da União (ou a apresentação do Relatório de Gestão ao TCU);5 anos/Após a aprovação das contas do ano fiscal pelo Tribunal de Contas da União (ou após apresentação do Relatório de Gestão ao TCU);Eliminação;*O prazo de guarda se encerra imediatamente após o evento.
053.1;z;PAGAMENTO EM MOEDA ESTRANGEIRA;*/Aprovação das contas do ano fiscal pelo Tribunal de Contas da União (ou a apresentação do Relatório de Gestão ao TCU);5 anos/Após a aprovação das contas do ano fiscal pelo Tribunal de Contas da União (ou após apresentação do Relatório de Gestão ao TCU);Eliminação;*O prazo de guarda se encerra imediatamente após o evento.
053.2;z;GESTÃO DA CONTA ÚNICA;*/Aprovação das contas do ano fiscal pelo Tribunal de Contas da União (ou a apresentação do Relatório de Gestão ao TCU);5 anos/Após a aprovação das contas do ano fiscal pelo Tribunal de Contas da União (ou após apresentação do Relatório de Gestão ao TCU);Eliminação;*O prazo de guarda se encerra imediatamente após o evento.
053.3;z;GESTÃO DE CONTAS CORRENTES BANCÁRIAS: TIPO A, B, C, D e E;*/Aprovação das contas do ano fiscal pelo Tribunal de Contas da União (ou a apresentação do Relatório de Gestão ao TCU);5 anos/Após a aprovação das contas do ano fiscal pelo Tribunal de Contas da União (ou após apresentação do Relatório de Gestão ao TCU);Eliminação;*O prazo de guarda se encerra imediatamente após o evento.
053.4;z;GESTÃO DE CONTAS ESPECIAIS;*/Aprovação das contas do ano fiscal pelo Tribunal de Contas da União (ou a apresentação do Relatório de Gestão ao TCU);5 anos/Após a aprovação das contas do ano fiscal pelo Tribunal de Contas da União (ou após apresentação do Relatório de Gestão ao TCU);Eliminação;*O prazo de guarda se encerra imediatamente após o evento.
054;g;CONTROLE EXTERNO. AUDITORIA EXTERNA;-;-;-;
054.1;z;PRESTAÇÃO DE CONTAS. TOMADA DE CONTAS;*/Aprovação das contas do ano fiscal pelo Tribunal de Contas da União (ou a apresentação do Relatório de Gestão ao TCU);5 anos/Após a aprovação das contas do ano fiscal pelo Tribunal de Contas da União (ou após apresentação do Relatório de Gestão ao TCU);Guarda permanente;*O prazo de guarda se encerra imediatamente após o evento.
054.2;z;TOMADA DE CONTAS ESPECIAL;*/Aprovação das contas do ano fiscal pelo Tribunal de Contas da União (ou a apresentação do Relatório de Gestão ao TCU);5 anos/Após a aprovação das contas do ano fiscal pelo Tribunal de Contas da União (ou após apresentação do Relatório de Gestão ao TCU);Guarda permanente;*O prazo de guarda se encerra imediatamente após o evento.
059;g;OUTRAS AÇÕES REFERENTES À GESTÃO ORÇAMENTÁRIA E FINANCEIRA;-;-;-;
059.1;z;COMPRA E SUBSCRIÇÃO DE AÇÕES;*/Aprovação das contas do ano fiscal pelo Tribunal de Contas da União (ou a apresentação do Relatório de Gestão ao TCU);5 anos/Após a aprovação das contas do ano fiscal pelo Tribunal de Contas da União (ou após apresentação do Relatório de Gestão ao TCU);Guarda permanente;*O prazo de guarda se encerra imediatamente após o evento.
059.2;z;RECOLHIMENTO DE IMPOSTOS, TAXAS E DEMAIS TRIBUTOS;*/Aprovação das contas do ano fiscal pelo Tribunal de Contas da União (ou a apresentação do Relatório de Gestão ao TCU);5 anos/Após a aprovação das contas do ano fiscal pelo Tribunal de Contas da União (ou após apresentação do Relatório de Gestão ao TCU);Eliminação;*O prazo de guarda se encerra imediatamente após o evento.
059.3;z;FIXAÇÃO DE CUSTOS DE SERVIÇOS;*/Enquanto vigora;5 anos/Transferência;Eliminação;*O prazo de guarda se encerra imediatamente após o evento.
059.4;z;DEVOLUÇÃO AO ERÁRIO;*/Aprovação das contas do ano fiscal pelo Tribunal de Contas da União (ou a apresentação do Relatório de Gestão ao TCU);5 anos/Após a aprovação das contas do ano fiscal pelo Tribunal de Contas da União (ou após apresentação do Relatório de Gestão ao TCU);Eliminação;*O prazo de guarda se encerra imediatamente após o evento.
059.5;z;RESTITUIÇÃO DE RENDAS ARRECADADAS;*/Aprovação das contas do ano fiscal pelo Tribunal de Contas da União (ou a apresentação do Relatório de Gestão ao TCU);5 anos/Após a aprovação das contas do ano fiscal pelo Tribunal de Contas da União (ou após apresentação do Relatório de Gestão ao TCU);Eliminação;*O prazo de guarda se encerra imediatamente após o evento.
060;s;GESTÃO DA DOCUMENTAÇÃO E DA INFORMAÇÃO;-;-;-;
060;g;GESTÃO DA DOCUMENTAÇÃO E DA INFORMAÇÃO;-;-;-;
060.01;z;NORMATIZAÇÃO. REGULAMENTAÇÃO;*/Fim da vigência;5 anos/Transferência;Guarda permanente;*O prazo de guarda se encerra imediatamente após o evento.
061;g;GESTÃO DE DOCUMENTOS DE ARQUIVO;-;-;-;
061;z;GESTÃO DE DOCUMENTOS DE ARQUIVO;-;-;-;
061.01;m;CONSTITUIÇÃO DA COMISSÃO PERMANENTE DE AVALIAÇÃO DE DOCUMENTOS (CPAD);-;-;-;
061.011;n;COMPOSIÇÃO E ATUAÇÃO;4 anos/Arquivamento;5 anos/Transferência;Guarda permanente;
061.012;n;OPERACIONALIZAÇÃO DE REUNIÕES;2 anos/Arquivamento;–/–;Eliminação;
061.1;z;ADOÇÃO E CONTROLE DOS PROCEDIMENTOS DE PROTOCOLO;2 anos/Arquivamento;–/–;Eliminação;
061.2;z;ANÁLISE DA SITUAÇÃO ARQUIVÍSTICA;5 anos/Arquivamento;5 anos/Transferência;Guarda permanente;
061.3;z;LEVANTAMENTO DA PRODUÇÃO E DO FLUXO DOCUMENTAL;*/Finalização da elaboração dos instrumentos;5 anos/Transferência;Eliminação;*O prazo de guarda se encerra imediatamente após o evento.
061.4;z;ELABORAÇÃO DOS INSTRUMENTOS TÉCNICOS DE GESTÃO DE DOCUMENTOS;*/Finalização da elaboração dos instrumentos;5 anos/Transferência;Guarda permanente;*O prazo de guarda se encerra imediatamente após o evento. Eliminar, 2 anos após a finalização da elaboração, as versões preliminares dos instrumentos, assim como os demais exemplares quando ocorrerem atualizações.
061.5;z;APLICAÇÃO DOS INSTRUMENTOS TÉCNICOS DE GESTÃO DE DOCUMENTOS;-;-;-;
061.51;m;CLASSIFICAÇÃO;2 anos/Arquivamento;–/–;Eliminação;
061.52;m;AVALIAÇÃO;-;-;-;
061.521;n;ELIMINAÇÃO;5 anos/Arquivamento;–/–;Guarda permanente;
061.522;n;TRANSFERÊNCIA;5 anos/Arquivamento;–/–;Guarda permanente;
061.523;n;RECOLHIMENTO;5 anos/Arquivamento;–/–;Guarda permanente;
062;g;GESTÃO DE ACERVOS BIBLIOGRÁFICO E MUSEOLÓGICO;-;-;-;
062.1;z;AQUISIÇÃO E INCORPORAÇÃO;-;-;-;Eliminar, após 2 anos da produção, os documentos referentes às ações de aquisição e incorporação não efetivadas.
062.11;m;COMPRA;*/Aprovação das contas do ano fiscal pelo Tribunal de Contas da União (ou a apresentação do Relatório de Gestão ao TCU);5 anos/Após a aprovação das contas do ano fiscal pelo Tribunal de Contas da União (ou após apresentação do Relatório de Gestão ao TCU); Eliminação;*O prazo de guarda se encerra imediatamente após o evento.
062.12;m;DOAÇÃO;4 anos/Arquivamento;5 anos/Transferência;Eliminação;Utilizar os prazos dos documentos financeiros para as transações que envolvam pagamento de despesas.
062.13;m;PERMUTA;4 anos/Arquivamento;5 anos/Transferência;Eliminação;Utilizar os prazos dos documentos financeiros para as transações que envolvam pagamento de despesas.
062.2;z;PROCESSAMENTO TÉCNICO;-;-;-;
062.21;m;REGISTRO;2 anos/Arquivamento;–/–;Eliminação;
062.22;m;CATALOGAÇÃO, CLASSIFICAÇÃO E INDEXAÇÃO;2 anos/Arquivamento;–/–;Eliminação;
062.3;z;INVENTÁRIO;*/Aprovação das contas do ano fiscal pelo Tribunal de Contas da União (ou a apresentação do Relatório de Gestão ao TCU);5 anos/Após a aprovação das contas do ano fiscal pelo Tribunal de Contas da União (ou após apresentação do Relatório de Gestão ao TCU);Guarda permanente;*O prazo de guarda se encerra imediatamente após o evento.
062.4;z;DESINCORPORAÇÃO;-;-;-;
062.41;m;DOAÇÃO;4 anos/Arquivamento;5 anos/Transferência;Eliminação;Utilizar os prazos dos documentos financeiros para as transações que envolvam pagamento de despesas.
062.42;m;DESCARTE;4 anos/Arquivamento;5 anos/Transferência;Eliminação;Utilizar os prazos dos documentos financeiros para as transações que envolvam pagamento de despesas.
063;g;CONTROLE DE ACESSO E DE MOVIMENTAÇÃO DE ACERVOS;-;-;-;
063.1;z;CONSULTAS;2 anos/Arquivamento;–/–;Eliminação;
063.2;z;EMPRÉSTIMOS;*/Devolução;1 ano/Transferência;Eliminação;*O prazo de guarda se encerra imediatamente após o evento.
063.3;z;MOVIMENTAÇÃO DE ACERVOS;2 anos/Arquivamento;–/–;Eliminação;
063.4;z;MUDANÇA DE ACERVOS;5 anos/Arquivamento;5 anos/Transferência;Eliminação;
064;g;CONSERVAÇÃO E PRESERVAÇÃO DE ACERVOS;-;-;-;
064;z;CONSERVAÇÃO E PRESERVAÇÃO DE ACERVOS;-;-;-;
064.01;m;AVALIAÇÃO E MONITORAMENTO;*/Enquanto vigora;5 anos/Transferência;Guarda permanente;*O prazo de guarda se encerra imediatamente após o evento.
064.1;z;DESINFESTAÇÃO E HIGIENIZAÇÃO;2 anos/Arquivamento;–/–;Eliminação;Utilizar os prazos dos documentos financeiros para as transações que envolvam pagamento de despesas.
064.2;z;CONTROLE DAS ÁREAS DE ARMAZENAMENTO;2 anos/Arquivamento;–/–;Eliminação;Utilizar os prazos dos documentos financeiros para as transações que envolvam pagamento de despesas.
064.3;z;REFORMATAÇÃO;-;-;-;
064.31;m;MICROFILMAGEM;2 anos/Arquivamento;–/-;Eliminação;Utilizar os prazos dos documentos financeiros para as transações que envolvam pagamento de despesas.
064.32;m;DIGITALIZAÇÃO;2 anos/Arquivamento;–/–;Eliminação;Utilizar os prazos dos documentos financeiros para as transações que envolvam pagamento de despesas.
064.4;z;RESTAURAÇÃO;2 anos/Arquivamento;–/–;Eliminação;Utilizar os prazos dos documentos financeiros para as transações que envolvam pagamento de despesas.
065;g;PRODUÇÃO EDITORIAL;-;-;-;
065.1;z;EDIÇÃO. COEDIÇÃO;*/Enquanto vigora;5 anos/Transferência;Guarda permanente;*O prazo de guarda se encerra imediatamente após o evento.
065.2;z;EDITORAÇÃO E PROGRAMAÇÃO VISUAL;5 anos/Arquivamento;–/–;Eliminação;Utilizar os prazos dos documentos financeiros para as transações que envolvam pagamento de despesas.
065.3;z;PROMOÇÃO, DIVULGAÇÃO E DISTRIBUIÇÃO;5 anos/Arquivamento;–/–;Eliminação;Utilizar os prazos dos documentos financeiros para as transações que envolvam pagamento de despesas.
066;g;GESTÃO DE TECNOLOGIA DA INFORMAÇÃO;-;-;-;Utilizar os prazos dos documentos financeiros para as transações que envolvam pagamento de despesas.
066.1;z;DESENVOLVIMENTO E CONTROLE DE SISTEMAS INFORMATIZADOS;*/Enquanto vigora;5 anos/Transferência;Guarda permanente;*O prazo de guarda se encerra imediatamente após o evento.
066.2;z;INSTALAÇÃO DE EQUIPAMENTOS;*/Enquanto vigora;5 anos/Transferência;Eliminação;*O prazo de guarda se encerra imediatamente após o evento.
066.3;z;ADMINISTRAÇÃO DA INFRAESTRUTURA TECNOLÓGICA;-;-;-;
066.31;m;PROJETO DE MANUTENÇÃO;*/Enquanto vigora;5 anos/Transferência;Guarda permanente;*O prazo de guarda se encerra imediatamente após o evento.
066.32;m;GERENCIAMENTO E USO;*/Enquanto vigora;5 anos/Transferência;Eliminação;*O prazo de guarda se encerra imediatamente após o evento.
066.4;z;ADMINISTRAÇÃO DE BANCO DE DADOS;-;-;-;
066.41;m;INSTALAÇÃO E CONFIGURAÇÃO;*/Enquanto vigora;5 anos/Transferência;Guarda permanente;*O prazo de guarda se encerra imediatamente após o evento.
066.42;m;GERENCIAMENTO E USO;*/Enquanto vigora;5 anos/Transferência;Eliminação;*O prazo de guarda se encerra imediatamente após o evento.
066.9;z;OUTRAS AÇÕES REFERENTES À GESTÃO DE TECNOLOGIA DA INFORMAÇÃO;-;-;-;
066.91;m;CONTROLE DO SUPORTE TÉCNICO;5 anos/Arquivamento;–/–;Eliminação;
067;g;CONTRATAÇÃO DE PRESTAÇÃO DE SERVIÇOS;-;-;-;
069;g;OUTRAS AÇÕES REFERENTES À GESTÃO DA DOCUMENTAÇÃO E DA INFORMAÇÃO;-;-;-;
069.1;z;TRATAMENTO TÉCNICO DA DOCUMENTAÇÃO ARQUIVÍSTICA PERMANENTE;-;-;-;
069.11;m;ARRANJO E DESCRIÇÃO;*/Conclusão da organização;2 anos/Transferência;Guarda permanente;*O prazo de guarda se encerra imediatamente após o evento. Eliminar, 2 anos após a conclusão da organização, as versões preliminares das planilhas e dos estudos de apoio.
069.12;m;ELABORAÇÃO DE INSTRUMENTOS DE PESQUISA;*/Finalização da elaboração dos instrumentos de pesquisa;5 anos/Transferência;Guarda permanente;Eliminar, 2 anos após a finalização da elaboração, as versões preliminares dos instrumentos, assim como os demais exemplares quando ocorrerem atualizações.
069.2;z;FORNECIMENTO DE CÓPIAS DE DOCUMENTOS;2 anos/Arquivamento;–/–;Eliminação;Utilizar os prazos dos documentos financeiros para as transações que envolvam pagamento de despesas.
069.3;z;PUBLICAÇÃO DE MATÉRIAS;*/Aprovação das contas do ano fiscal pelo Tribunal de Contas da União (ou a apresentação do Relatório de Gestão ao TCU);5 anos/Após a aprovação das contas do ano fiscal pelo Tribunal de Contas da União (ou após apresentação do Relatório de Gestão ao TCU);Eliminação; *O prazo de guarda se encerra imediatamente após o evento. Eliminar, após 1 ano da produção, os documentos que não geraram despesas.
070;s;GESTÃO DOS SERVIÇOS POSTAIS E DE TELECOMUNICAÇÕES;-;-;-;
070;g;GESTÃO DOS SERVIÇOS POSTAIS E DE TELECOMUNICAÇÕES;-;-;-;
070.01;z;NORMATIZAÇÃO. REGULAMENTAÇÃO;*/Fim da vigência;5 anos/Transferência;Guarda permanente;*O prazo de guarda se encerra imediatamente após o evento.
071;g;CONTRATAÇÃO DE PRESTAÇÃO DE SERVIÇOS;-;-;-;
071.1;z;SERVIÇO POSTAL;-;-;-;
071.2;z;SERVIÇO DE RADIOFREQUÊNCIA;-;-;-;
071.3;z;SERVIÇO DE TELEX;-;-;-;
071.4;z;SERVIÇO DE TELEFONIA. SERVIÇO DE FAX;-;-;-;
071.5;z;SERVIÇO DE TRANSMISSÃO DE DADOS, VOZ E IMAGEM;-;-;-;
072;g;EXECUÇÃO DE SERVIÇOS PELO ÓRGÃO E ENTIDADE;2 anos/Arquivamento;–/–;Eliminação;
073;g;AUTORIZAÇÃO E CONTROLE DE USO;-;-;-;
073.1;z;SERVIÇO DE RADIOFREQUÊNCIA;2 anos/Arquivamento;–/–;Eliminação;
073.2;z;SERVIÇO DE TELEX;2 anos/Arquivamento;–/–;Eliminação;
073.3;z;SERVIÇO DE TELEFONIA. SERVIÇO DE FAX;-;-;-;
073.31;m;TRANSFERÊNCIA DE PROPRIEDADE OU TITULARIDADE;*/Conclusão da transferência;2 anos/Transferência;Eliminação;*O prazo de guarda se encerra imediatamente após o evento.
073.32;m;REGISTRO DE LIGAÇÕES;2 anos/Arquivamento;–/–;Eliminação;
073.33;m;DIVULGAÇÃO DE LISTAS TELEFÔNICAS INTERNAS;*/Enquanto vigora;–/–;Eliminação;*O prazo de guarda se encerra imediatamente após o evento.
073.4;z;SERVIÇO DE TRANSMISSÃO DE DADOS, VOZ E IMAGEM;2 anos/Arquivamento;–/–;Eliminação;
080;s;PESSOAL MILITAR - ver Anexo I;-;-;-;
900;c;ADMINISTRAÇÃO DE ATIVIDADES ACESSÓRIAS;-;-;-;
910;s;GESTÃO DE EVENTOS;-;-;-;Eliminar, após 2 anos da produção, os documentos referentes aos eventos não efetivados.
910;g;GESTÃO DE EVENTOS;-;-;-;Eliminar, após 2 anos da produção, os documentos referentes aos eventos não efetivados.
910.01;z;NORMATIZAÇÃO. REGULAMENTAÇÃO; */Fim da vigência;5 anos/Transferência;Guarda permanente;*O prazo de guarda se encerra imediatamente após o evento.
911;g;PLANEJAMENTO E PROGRAMAÇÃO;5 anos/Arquivamento;5 anos/Transferência;Guarda permanente;
912;g;DIVULGAÇÃO;1 ano/Arquivamento;2 anos/Transferência;Eliminação;Arquivar um exemplar do material de divulgação de cada evento.
913;g;INSCRIÇÃO E CONTROLE DE FREQUÊNCIA;*/Homologação do evento;2 anos/Transferência;Eliminação;*O prazo de guarda se encerra imediatamente após o evento.
914;g;EMISSÃO DE CERTIFICADOS;2 anos/Arquivamento;3 anos/Transferência;Guarda permanente;Eliminar, após 2 anos da produção, os certificados não retirados pelos participantes.
915;g;AVALIAÇÃO DOS RESULTADOS;*/Homologação do evento;2 anos/Transferência;Guarda permanente;*O prazo de guarda se encerra imediatamente após o evento. Eliminar, após 2 anos da produção, os documentos cujas informações encontram-se recapituladas ou consolidadas em outros.
916;g;HABILITAÇÃO, JULGAMENTO E RECURSOS;*/Homologação do evento;2 anos/Transferência;Guarda permanente;*O prazo de guarda se encerra imediatamente após o evento. Aguardar o término da ação, no caso de interposição de recursos. Eliminar, após 2 anos da homologação do evento, os documentos de recursos indeferidos.
917;g;PREMIAÇÃO;*/Homologação do evento;2 anos/Transferência;Guarda permanente;*O prazo de guarda se encerra imediatamente após o evento.
918;g;CONTRATAÇÃO DE PRESTAÇÃO DE SERVIÇOS;-;-;-;
919;g;OUTRAS AÇÕES REFERENTES À GESTÃO DE EVENTOS;-;-;-;
919.1;z;PARTICIPAÇÃO EM EVENTOS PROMOVIDOS E REALIZADOS POR OUTRAS INSTITUIÇÕES;5 anos/Arquivamento;–/–;Eliminação;Utilizar os prazos de guarda e a destinação final dos assentamentos funcionais para os documentos comprobatórios de participação.
920;s;PROMOÇÃO DE VISITAS;-;-;-;
920;g;PROMOÇÃO DE VISITAS;-;-;-;
920.01;z;NORMATIZAÇÃO. REGULAMENTAÇÃO;*/Fim da vigência;5 anos/Transferência;Guarda permanente;*O prazo de guarda se encerra imediatamente após o evento.
921;g;PROGRAMAÇÃO DE VISITAS;5 anos/Arquivamento;5 anos/Transferência;Guarda permanente;
922;g;CONTROLE DE VISITAS E VISITANTES;2 anos/Arquivamento;–/–;Eliminação;
990;s;OUTRAS AÇÕES REFERENTES À ADMINISTRAÇÃO DE ATIVIDADES ACESSÓRIAS;-;-;-;
991;g;GESTÃO DE COMUNICAÇÕES EVENTUAIS;1 ano/Arquivamento;–/–;Eliminação;
992;g;RELACIONAMENTO COM ASSOCIAÇÕES CULTURAIS, DE AMIGOS E DE SERVIDORES;1 ano/Arquivamento;–/–;Eliminação;